﻿case_id,source,category,description,status,run_time_ms,tokens_consumed,agent_input,agent_output,created_at,updated_at,annotation_id,root_cause,accuracy_score,operability_score,readability_score,overall_score,remark,optimization_direction,annotated_at
c_20260623_001,https://knot.woa.com/agent/detail/12345,Commentary,本次告警是弹幕过滤 LLM 子服务异常，偶发调用失败导致超时,annotated,194700,693201,"app_id：2107
app_mark：弹幕过滤服务
告警内容：LLM子服务响应超时，错误率飙升至30%","## 一句话结论
本次告警是弹幕过滤 LLM 子服务异常导致。

## 建议
1. 检查子服务IP 10.0.1.25 的健康状态
2. 建议增加重试机制

## 因果链
LLM调用超时 → 子服务不可用 → 告警触发",2026-06-23T03:37:52.320296,2026-06-23T03:38:07.870611,a_20260623_001,测试分数选择器,2,1,0,1.0,五点多,,2026-06-23T03:38:07.871443
c_20260623_002,https://knot.woa.com/agent/detail/23456,CodeGen,LLM生成Python快速排序代码，输出完整可运行,annotated,1200,450,请用Python写一个快速排序算法,"def quicksort(arr):
    if len(arr) <= 1:
        return arr
    pivot = arr[len(arr)//2]
    left = [x for x in arr if x < pivot]
    middle = [x for x in arr if x == pivot]
    right = [x for x in arr if x > pivot]
    return quicksort(left) + middle + quicksort(right)",2026-06-23T06:12:30.494405,2026-06-23T06:15:07.635902,a_20260623_002,LLM生成的快速排序代码逻辑正确，但使用了列表推导式而非经典的双指针分区写法，风格偏Pythonic,1,2,2,1.67,代码可运行且结果正确，可读性很好，但不是教科书标准的快排实现,optimize_output_format,2026-06-23T06:15:07.636899
c_20260623_004,https://knot.woa.com/agent/detail/45678,Translation,LLM执行英中翻译任务,annotated,500,180,将以下英文翻译为中文：The quick brown fox jumps over the lazy dog.,那只敏捷的棕色狐狸跳过了懒狗。,2026-06-23T06:13:41.067094,2026-06-23T06:15:31.571624,a_20260623_004,LLM翻译准确，语义通顺，但未保留原文的节奏感,2,2,2,2.0,翻译结果准确，可直接使用,optimize_output_format,2026-06-23T06:15:31.571936
c_20260623_005,https://knot.woa.com/agent/detail/67890,Commentary,LLM分析弹幕过滤子服务告警根因,annotated,3200,1850,"app_id：2107
app_mark：15329_158084_Commentary_prod_commentary_kpl_mainserver_63f6
告警内容：项目：AIPD_AIGC 应用：Commentary
维度：组件类型：LLM；err_code：排除-70801，剩余汇总
service：LLM_PROD_AIPD-COMMENTARY-DANMU-FILTER-LLM
指标：Commentary KPL主服务监控:组件失败总数
告警内容：1次>0次
异常时间：2026-06-17 17:11
请你分析一下为什么会产生这个告警","## 一句话结论
本次告警是弹幕过滤 LLM 子服务（service LLM_PROD_AIPD-COMMENTARY-DANMU-FILTER-LLM，被调实例 29.175.188.137:8004）在 17:07 与 17:11 各发生 1 次偶发调用失败（下游返回 -79010 handler normal exit，主服务侧记为 -72901、监控聚合为 -70200），触发组件失败总数 1次>0次 阈值；主服务已自动重试兜底，入口成功率全程 100%，对外无实际影响。

## 建议
- 下游确认 -79010 handler normal exit 语义：该错误码由被调 LLM 后端 29.175.188.137:8004（service aipd-commentary-danmu-filter-llm）返回，属业务自定义码，含义待下游服务方确认，需排查该实例在 17:07/17:11 是否有连接中断、worker 退出或负载抖动。
- 结合弹幕高峰看容量：失败发生在 SMARTNPC_REQ_CNT 高峰段（约 280-360/min，KPL BP 阶段弹幕激增），建议核对该 LLM 子服务在高峰期的实例数与限流配置（日志显示 RateLimitName: aipd-commentary-danmu-filter-llm、Attempts:3、TimeoutMillisecond:45000）。
- 告警阈值可评估：当前阈值为失败 >0 即告警，而该失败已被重试兜底、对外零影响，可视情况调整为按一段时间累计次数或成功率告警，减少偶发噪声（此为建议，是否调整由业务方决定，本次不做任何修改）。
- 坐标来源：iWiki 业务详情页（KPL解说 commentary_kpl，doc 4022137806），已与用户给定 app_mark 一致。

## 因果链
KPL BP 弹幕高峰（REQ 280-360/min）→ 主服务 daxian-0 高频调用弹幕过滤 LLM（29.175.188.137:8004）→ 该被调实例偶发返回 -79010 handler normal exit → HTTP 调用层记为 -72901、监控按 LLM 段聚合为 -70200 → COMPONENT_FAIL_CNT 在 17:08、17:11 各 +1 → 触发组件失败总数 1次>0次 告警；同时 主服务 Retry attempt #1 重试成功 → 入口 SMARTNPC_FAIL=0、SUCC_RATIO=100% → 对外无实际影响。",2026-06-23T06:25:28.111180,2026-06-23T06:25:59.121179,a_20260623_005,KPL BP弹幕高峰导致LLM子服务偶发调用失败，下游返回-79010 handler normal exit111111111111111111111111111111111111111,2,1,0,1.0,分析逻辑清晰，因果链完整，建议部分详实22222222222222222222222222222222222,optimize_output_format,2026-06-23T06:25:59.121526
c_20260623_013,告警助手,game,我都是,annotated,10000,3000,对的呃呃呃呃呃,"阿是F额疼私发的

---

额地方如果他",2026-06-23T10:10:00.066473,2026-06-23T10:11:45.528665,a_20260623_006,得的,1,2,2,1.67,店小二d,optimize_output_format,2026-06-23T10:11:45.529470
c_20260623_011,监控告警平台,运维排障,服务器CPU异常排查,annotated,4500,710,服务器CPU使用率持续超过90%，请排查原因,排查结果：1. 定时任务集中执行导致CPU峰值；2. 存在未优化的慢SQL查询；3. 日志写入未做异步处理。建议：错开定时任务时间、优化SQL、日志异步化。,2026-06-23T08:44:01.172692,2026-06-24T09:35:36.707884,a_20260624_001,额度达到,1,0,1,0.67,顶顶顶顶,optimize_output_format,2026-06-24T09:35:36.708897
05b9a9a8-f228-4d97-bddd-1767f1d5c55c,监控告警平台,运维排障,接口超时问题排查,annotated,3500,580,调用/api/v1/users接口返回504超时，请排查原因,排查结果：1. 数据库连接池耗尽，导致请求排队等待；2. 慢查询未设置超时限制；3. 并发量突增未触发限流。建议：扩大连接池、设置查询超时、增加限流策略。,2026-06-23T09:30:00,2026-06-24T09:41:18.126163,a_20260624_002,22,1,1,2,1.33,22热热热,optimize_analysis_process,2026-06-24T09:41:18.126518
c_20260623_012,文档翻译工具,文本翻译,技术文档翻译,annotated,1800,390,请将以下英文技术文档翻译为中文：Microservices Architecture Guide,微服务架构指南：本文档介绍了微服务架构的核心概念，包括服务拆分原则、通信机制（同步与异步）、数据一致性策略、服务发现与负载均衡、容错与熔断机制等。适用于中大型分布式系统设计参考。,2026-06-23T08:44:05.405466,2026-06-24T09:43:02.592056,a_20260624_003,额丰富,0,1,1,0.67,而    额我都反反复复,,2026-06-24T09:43:02.592353
c_20260624_012-b3d3-bd77573d43d8,告警分析助手,告警误报,测试新ID格式,annotated,,,测试新建Case,测试新建Case输出,2026-06-24T16:27:39.623689,2026-06-24T16:29:09.939339,a_20260624_004,啥啥啥,1,2,0,1.0,每次中中中中中23,optimize_output_format,2026-06-24T16:29:09.940778
c_20260624_011,告警分析助手,告警误报,测试通知文案修改,annotated,,,测试修改文案,测试修改文案输出,2026-06-24T16:09:55.306899,2026-06-25T09:50:03.342277,a_20260624_005,哈哈111用,1,2,2,1.67,哈哈222①,optimize_output_format,2026-06-24T16:30:00.310975
bc7ceff6-b571-426d-8b76-5f0a58808c8c,https://knot.woa.com/agent/detail/test001,Commentary,LLM分析弹幕过滤子服务告警根因,annotated,3200,1850,"app_id：2107
app_mark：15329_158084_Commentary_prod_commentary_kpl_mainserver_63f6
告警内容：项目：AIPD_AIGC 应用：Commentary
维度：组件类型：LLM；err_code：排除-70801，剩余汇总
service：LLM_PROD_AIPD-COMMENTARY-DANMU-FILTER-LLM
指标：Commentary KPL主服务监控:组件失败总数
告警内容：1次>0次
异常时间：2026-06-25 10:00
请你分析一下为什么会产生这个告警","## 一句话结论
本次告警是弹幕过滤 LLM 子服务偶发调用失败，触发组件失败总数阈值；主服务已自动重试兜底，入口成功率全程 100%，对外无实际影响。",2026-06-25T10:06:17.007780,2026-06-25T11:41:16.534768,9b2d29a2-6b3b-4966-9217-b4ca4233ad09,确实还行还行还行还行还行还行还行还行还行还行还行还行还行还行还行还行还行还行还行还行还行还行还行还行还行还行还行还行还行还行还行还行还行还行还行还行还行还行还行还行还行还行还行还行还行还行还行还行还行还行还行还行还行还行还行还行还行还行还行还行还行还行还行还行还行还行还行还行还行还行还行还行还行还行还行还行还行还行还行还行还行还行还行还行还行还行还行还行还行还行还行还行还行还行还行还行还行还行还行还行还行还行还行还行还行还行还行还行还行还行还行还行还行还行还行还行还行还行还行还行还行还行还行还行还行还行还行还行还行还行还行还行还行还行还行还行还行还行还行还行还行还行还行还行还行还行还行还行还行还行还行还行还行还行还行还行还行还行还行还行还行还行还行还行还行还行还行还行还行还行还行还行还行还行还行还行还行还行还行还行还行还行还行还行还行还行还行还行还行还行还行还行还行还行还行还行还行还行还行还行还行还行还行还行还行还行还行还行还行还行还行还行还行还行还行还行,2,2,2,2.0,还行还行还行还行还行还行还行还行还行还行还行还行还行还行还行还行还行还行还行还行还行还行还行还行还行还行还行还行还行还行还行还行还行还行还行还行还行还行还行还行还行还行还行还行还行还行还行还行还行还行还行还行还行还行还行还行还行还行还行还行还行还行还行还行还行还行还行还行还行还行还行还行还行还行还行还行还行还行还行还行还行还行还行还行还行还行还行还行还行还行还行还行还行还行还行还行还行还行还行还行还行还行还行还行还行还行还行还行还行还行还行还行还行还行还行还行还行还行还行还行还行还行还行还行还行还行还行还行还行还行还行还行还行还行还行还行还行还行还行还行还行还行还行还行还行还行还行还行还行还行还行还行还行还行还行还行还行还行还行还行还行还行还行还行还行还行还行还行还行还行还行,optimize_output_format,2026-06-25T10:08:26.587001
c_20260623_010,客户服务系统,用户体验,退货流程优化,annotated,2800,520,客户投诉退货流程复杂，请优化退货指引,退货流程优化建议：1. 简化退货申请步骤，从5步缩减为3步；2. 增加一键退货功能；3. 优化退货状态查询页面；4. 添加退货进度实时推送通知。,2026-06-23T08:43:57.364417,2026-06-26T11:47:12.421970,59c98517-c715-4d5c-88e7-d23df2f89538,1,1,0,0,0.33,,,2026-06-26T11:47:12.424703
c_20260623_009,数据分析平台,数据分析,Q3销售报告生成,annotated,5100,680,请生成一份2024年Q3销售数据分析报告,2024年Q3销售数据报告：总销售额同比增长15%，其中线上渠道增长22%，线下渠道增长8%。华东区域贡献最大，占比35%。建议加大线上投入。,2026-06-23T08:43:30.654111,2026-06-26T11:47:20.556785,f4030939-3409-44ad-9bb0-caa70804cfa7,1,0,1,0,0.33,,,2026-06-26T11:47:20.557670
c_20260623_008,用户反馈系统,性能优化,登录页性能问题,annotated,3200,450,用户反馈登录页面加载缓慢，请分析原因,经过分析，登录页面加载缓慢的主要原因是：1. 首屏资源过大，未做代码分割；2. 图片未压缩；3. 接口响应时间过长。建议进行优化。,2026-06-23T08:43:21.836119,2026-06-26T11:47:27.476750,1ea93b91-f309-4327-862a-e758537f0400,1,0,1,0,0.33,1,,2026-06-26T11:47:27.477305
